INSERT INTO public.prescriptions (id, user_id, prescribing_doctor_id, prescription_date, duration_days, notes, document_url, created_at, updated_at, file_path, original_filename) VALUES 
('87897537-7636-4ee7-9178-7b4fee1db175', '40f221e1-3fcb-4b03-b9b2-5bf8142a37cb', 'e37df190-4f4c-4a4a-a4df-60defd7708ab', '2025-10-26', 30, null, null, '2025-10-26 11:10:58.671081+00', '2025-10-26 11:10:58.671081+00', null, null),
('9de5ad44-925e-40bf-8916-f0935b190356', '40f221e1-3fcb-4b03-b9b2-5bf8142a37cb', '297348e4-e97b-4f52-a9a9-295947c1f0ad', '2025-10-07', 90, null, null, '2025-10-13 16:34:33.111555+00', '2025-10-16 18:00:30.899187+00', '40f221e1-3fcb-4b03-b9b2-5bf8142a37cb/1760373269587.pdf', 'O-2025-09-08-AD.pdf');

INSERT INTO public.treatments (id, user_id, prescription_id, pharmacy_id, name, pathology, start_date, end_date, notes, is_active, created_at, updated_at, description) VALUES 
('4a63ab08-3985-4e13-aaed-7000c229d043', '40f221e1-3fcb-4b03-b9b2-5bf8142a37cb', '87897537-7636-4ee7-9178-7b4fee1db175', 'e38a3a24-e92d-4ea2-bee4-d06ad8e94b0d', 'DOULEUR PIED', 'Douleur/Fièvre', '2025-10-26', '2025-11-25', null, false, '2025-10-26 11:10:58.726826+00', '2025-10-29 10:23:53.072067+00', 'Traitement ponctuel'),
('b9e3808d-c8ee-45bb-8c25-fa83aa94eb0b', '40f221e1-3fcb-4b03-b9b2-5bf8142a37cb', '9de5ad44-925e-40bf-8916-f0935b190356', '90969f97-f2c9-476b-979b-c97b3813cab5', 'DT2-CHL', 'Diabète Type 2, Cholestérol', '2025-10-07', '2026-01-05', 'Ordonnance du 8 septembre 2025', true, '2025-10-13 16:34:33.198177+00', '2025-10-19 19:39:11.627823+00', 'Ordonnance du 8 septembre 2025');

INSERT INTO public.medications (id, treatment_id, name, posology, times, initial_stock, current_stock, min_threshold, expiry_date, created_at, updated_at, catalog_id, strength) VALUES 
('0017616d-a18d-40d9-b586-31af1025d5fe', 'b9e3808d-c8ee-45bb-8c25-fa83aa94eb0b', 'Xigduo', '1 comprimé matin et soir', '{"09:30","20:00"}', 58, 71, 10, null, '2025-10-13 16:34:33.284419+00', '2025-10-30 08:15:59.897314+00', '20cdc76f-4e18-403c-b05a-71ebd662c620', '5mg/1000mg'),
('86ef1704-fbed-4a65-b026-dc5d0ea26953', 'b9e3808d-c8ee-45bb-8c25-fa83aa94eb0b', 'Simvastatine', '1 comprimé le soir', '{"20:00"}', 27, 7, 6, null, '2025-10-13 16:34:33.284419+00', '2025-10-29 18:50:29.633731+00', 'e145c2c2-2c49-4521-9dc0-89b9f2f3c54a', '10mg'),
('98a396ee-051d-4531-bb26-62fe0ccc57e3', 'b9e3808d-c8ee-45bb-8c25-fa83aa94eb0b', 'Quviviq', '1 comprimé au coucher', '{"22:00"}', 0, 75, 10, null, '2025-10-13 16:44:56.405072+00', '2025-10-29 22:57:29.849423+00', '6a21de1a-3381-4923-b4c2-194ac8008ae8', '50mg'),
('b3087022-943f-4830-a94c-32866f856776', '4a63ab08-3985-4e13-aaed-7000c229d043', 'Doliprane', '1 comprimé matin, midi et soir', '{"09:30","12:30","19:30"}', 60, 58, 10, null, '2025-10-26 11:10:58.798737+00', '2025-10-26 14:47:12.74632+00', '61a5e9aa-7a8a-4258-9d07-6fc8dde6e42e', null),
('eb3b4d05-b031-4bae-a212-a40087bb28f0', 'b9e3808d-c8ee-45bb-8c25-fa83aa94eb0b', 'Venlafaxine', '1 comprimé au coucher', '{"22:00"}', 0, 106, 10, null, '2025-10-13 17:42:17.497951+00', '2025-10-29 22:57:30.093939+00', 'c5be88b2-d692-4a1d-8a7c-134a043ab0cd', '225mg');

INSERT INTO public.pharmacy_visits (id, treatment_id, pharmacy_id, visit_date, visit_number, is_completed, notes, created_at, updated_at, actual_visit_date) VALUES 
('28e90775-14eb-4ff7-ae65-51210f4a22ea', 'b9e3808d-c8ee-45bb-8c25-fa83aa94eb0b', '90969f97-f2c9-476b-979b-c97b3813cab5', '2025-11-06', 2, false, null, '2025-10-13 16:34:33.364388+00', '2025-10-27 14:59:43.227176+00', null),
('b85cbc59-be91-4d49-bf88-360aea84c024', 'b9e3808d-c8ee-45bb-8c25-fa83aa94eb0b', '90969f97-f2c9-476b-979b-c97b3813cab5', '2025-10-07', 1, true, null, '2025-10-13 16:34:33.364388+00', '2025-10-16 18:12:54.730655+00', '2025-10-07'),
('c6be868c-6824-4b6a-9db4-9bb4e84fd600', '4a63ab08-3985-4e13-aaed-7000c229d043', 'e38a3a24-e92d-4ea2-bee4-d06ad8e94b0d', '2025-10-27', 1, false, null, '2025-10-26 11:10:58.867394+00', '2025-10-26 15:22:04.701068+00', null),
('e24f375b-d15e-416f-92a0-395a00bc6d59', 'b9e3808d-c8ee-45bb-8c25-fa83aa94eb0b', '90969f97-f2c9-476b-979b-c97b3813cab5', '2025-12-06', 3, false, null, '2025-10-13 16:34:33.364388+00', '2025-10-26 15:22:04.701068+00', null);
